year,origin_prefecture,destination_prefecture,movers
2019,神奈川県,東京都,22793
2019,埼玉県,東京都,17104
2019,千葉県,東京都,13042
2019,東京都,神奈川県,10288
2019,兵庫県,大阪府,7288
2019,大阪府,京都府,7205
2019,東京都,埼玉県,6233
2019,大阪府,兵庫県,5443
2019,東京都,千葉県,4828
2019,茨城県,東京都,4721
2019,岐阜県,愛知県,4550
2019,京都府,大阪府,3256
2019,静岡県,東京都,3254
2019,奈良県,大阪府,3019
2019,三重県,愛知県,2947
2019,滋賀県,京都府,2893
2019,兵庫県,京都府,2690
2019,栃木県,東京都,2465
2019,群馬県,東京都,2134
2019,長野県,東京都,2123
2019,千葉県,神奈川県,2090
2019,愛知県,東京都,2081
2019,北海道,東京都,2051
2019,静岡県,愛知県,2022
2019,静岡県,神奈川県,2010
2019,埼玉県,神奈川県,1999
2019,埼玉県,千葉県,1979
2019,茨城県,千葉県,1962
2019,千葉県,埼玉県,1859
2019,和歌山県,大阪府,1770
2019,新潟県,東京都,1752
2019,大阪府,奈良県,1643
2019,山梨県,東京都,1541
2019,奈良県,京都府,1504
2019,佐賀県,福岡県,1470
2019,福島県,東京都,1455
2019,愛知県,岐阜県,1396
2019,福岡県,東京都,1351
2019,群馬県,埼玉県,1334
2019,滋賀県,大阪府,1321
2019,京都府,滋賀県,1297
2019,熊本県,福岡県,1296
2019,大阪府,滋賀県,1288
2019,茨城県,埼玉県,1268
2019,大阪府,東京都,1247
2019,栃木県,埼玉県,1169
2019,愛知県,京都府,1155
2019,長崎県,福岡県,1134
2019,宮城県,東京都,1089
2019,大分県,福岡県,1071
2019,鹿児島県,福岡県,1055
2019,福島県,宮城県,1047
2019,茨城県,神奈川県,1035
2019,神奈川県,千葉県,1011
2019,兵庫県,東京都,1006
2019,山口県,福岡県,975
2019,富山県,石川県,937
2019,岩手県,宮城県,931
2019,広島県,岡山県,889
2019,広島県,東京都,880
2019,神奈川県,埼玉県,870
2019,長野県,神奈川県,850
2019,山形県,宮城県,841
2019,広島県,大阪府,824
2019,兵庫県,岡山県,808
2019,京都府,兵庫県,806
2019,宮崎県,福岡県,800
2019,大阪府,和歌山県,773
2019,新潟県,神奈川県,738
2019,千葉県,茨城県,723
2019,愛知県,静岡県,722
2019,栃木県,神奈川県,712
2019,愛知県,三重県,683
2019,山口県,広島県,676
2019,埼玉県,群馬県,675
2019,静岡県,千葉県,672
2019,岡山県,大阪府,671
2019,愛知県,神奈川県,667
2019,福岡県,山口県,666
2019,福岡県,熊本県,660
2019,北海道,神奈川県,650
2019,愛知県,大阪府,646
2019,群馬県,神奈川県,645
2019,東京都,北海道,642
2019,新潟県,埼玉県,640
2019,長野県,愛知県,638
2019,香川県,大阪府,632
2019,岡山県,兵庫県,629
2019,福岡県,佐賀県,625
2019,青森県,宮城県,624
2019,沖縄県,東京都,624
2019,広島県,京都府,620
2019,広島県,福岡県,616
2019,長野県,埼玉県,614
2019,富山県,東京都,612
2019,山梨県,神奈川県,610
2019,岐阜県,東京都,603
2019,岡山県,広島県,600
2019,奈良県,兵庫県,595
2019,香川県,岡山県,593
2019,鹿児島県,東京都,580
2019,三重県,大阪府,578
2019,愛媛県,広島県,577
2019,栃木県,千葉県,575
2019,青森県,東京都,573
2019,福島県,埼玉県,558
2019,茨城県,栃木県,558
2019,秋田県,宮城県,551
2019,静岡県,京都府,551
2019,東京都,茨城県,550
2019,宮城県,山形県,548
2019,福岡県,京都府,548
2019,山形県,東京都,543
2019,島根県,広島県,542
2019,岩手県,東京都,540
2019,福島県,神奈川県,537
2019,東京都,京都府,522
2019,岡山県,東京都,515
2019,福岡県,長崎県,505
2019,東京都,山梨県,500
2019,長野県,千葉県,500
2019,熊本県,東京都,493
2019,岡山県,京都府,487
2019,福岡県,大阪府,480
2019,北海道,青森県,477
2019,石川県,東京都,476
2019,静岡県,埼玉県,474
2019,福島県,千葉県,473
2019,広島県,兵庫県,472
2019,三重県,京都府,468
2019,栃木県,群馬県,467
2019,広島県,山口県,465
2019,京都府,東京都,462
2019,香川県,兵庫県,454
2019,愛媛県,大阪府,452
2019,兵庫県,滋賀県,451
2019,新潟県,千葉県,450
2019,愛媛県,岡山県,450
2019,京都府,奈良県,443
2019,埼玉県,茨城県,441
2019,三重県,東京都,441
2019,福井県,京都府,434
2019,群馬県,千葉県,432
2019,愛媛県,東京都,432
2019,愛知県,滋賀県,424
2019,福岡県,神奈川県,411
2019,秋田県,東京都,410
2019,和歌山県,京都府,402
2019,広島県,愛媛県,402
2019,福島県,栃木県,397
2019,香川県,京都府,396
2019,福井県,石川県,394
2019,宮崎県,東京都,394
2019,北海道,大阪府,393
2019,宮城県,神奈川県,388
2019,長崎県,東京都,372
2019,青森県,北海道,366
2019,香川県,東京都,366
2019,長野県,群馬県,365
2019,鹿児島県,熊本県,365
2019,兵庫県,広島県,364
2019,愛知県,兵庫県,363
2019,岡山県,香川県,358
2019,北海道,埼玉県,357
2019,沖縄県,福岡県,354
2019,岐阜県,京都府,353
2019,北海道,京都府,351
2019,和歌山県,兵庫県,349
2019,北海道,千葉県,345
2019,長野県,山梨県,336
2019,石川県,富山県,330
2019,福岡県,大分県,330
2019,静岡県,大阪府,328
2019,東京都,群馬県,327
2019,静岡県,山梨県,327
2019,大阪府,神奈川県,327
2019,福岡県,兵庫県,326
2019,福島県,新潟県,321
2019,石川県,京都府,320
2019,兵庫県,鳥取県,318
2019,富山県,愛知県,316
2019,宮崎県,熊本県,316
2019,兵庫県,徳島県,315
2019,山口県,東京都,315
2019,宮城県,埼玉県,309
2019,神奈川県,北海道,309
2019,佐賀県,東京都,309
2019,山形県,新潟県,308
2019,福井県,大阪府,308
2019,福井県,愛知県,306
2019,愛知県,北海道,306
2019,奈良県,東京都,306
2019,徳島県,大阪府,306
2019,大分県,東京都,305
2019,東京都,宮城県,304
2019,石川県,大阪府,304
2019,兵庫県,奈良県,303
2019,愛媛県,京都府,303
2019,福井県,東京都,301
2019,愛媛県,兵庫県,299
2019,高知県,東京都,298
2019,鳥取県,大阪府,294
2019,愛知県,長野県,284
2019,長崎県,熊本県,283
2019,香川県,広島県,282
2019,福岡県,広島県,282
2019,高知県,大阪府,281
2019,広島県,神奈川県,279
2019,岩手県,北海道,277
2019,愛知県,石川県,277
2019,宮城県,岩手県,276
2019,新潟県,石川県,275
2019,岩手県,青森県,274
2019,兵庫県,神奈川県,274
2019,島根県,岡山県,274
2019,茨城県,群馬県,273
2019,香川県,愛媛県,273
2019,神奈川県,山梨県,268
2019,長野県,石川県,268
2019,長野県,新潟県,264
2019,宮城県,千葉県,263
2019,東京都,大阪府,262
2019,群馬県,栃木県,261
2019,島根県,大阪府,259
2019,埼玉県,北海道,256
2019,山口県,大阪府,254
2019,福岡県,鹿児島県,252
2019,山口県,岡山県,251
2019,新潟県,群馬県,248
2019,長野県,京都府,247
2019,愛知県,富山県,247
2019,徳島県,兵庫県,246
2019,愛媛県,福岡県,244
2019,沖縄県,大阪府,241
2019,高知県,岡山県,239
2019,宮崎県,鹿児島県,239
2019,東京都,静岡県,236
2019,愛知県,福井県,235
2019,大阪府,愛知県,235
2019,兵庫県,愛知県,235
2019,奈良県,滋賀県,234
2019,岩手県,神奈川県,233
2019,青森県,岩手県,232
2019,埼玉県,栃木県,232
2019,山口県,京都府,232
2019,茨城県,福島県,231
2019,山梨県,埼玉県,231
2019,北海道,兵庫県,230
2019,愛知県,千葉県,228
2019,山梨県,千葉県,227
2019,山形県,神奈川県,226
2019,高知県,兵庫県,226
2019,富山県,京都府,225
2019,大分県,熊本県,224
2019,栃木県,福島県,223
2019,鳥取県,岡山県,221
2019,岡山県,福岡県,221
2019,熊本県,神奈川県,221
2019,千葉県,北海道,220
2019,佐賀県,長崎県,220
2019,宮城県,福島県,219
2019,神奈川県,静岡県,219
2019,青森県,神奈川県,215
2019,岐阜県,石川県,214
2019,滋賀県,兵庫県,214
2019,神奈川県,京都府,213
2019,福島県,茨城県,212
2019,富山県,神奈川県,212
2019,兵庫県,福岡県,211
2019,鹿児島県,神奈川県,211
2019,山形県,千葉県,210
2019,石川県,愛知県,210
2019,秋田県,青森県,209
2019,福島県,山形県,209
2019,大阪府,北海道,207
2019,北海道,愛知県,206
2019,大阪府,広島県,206
2019,鳥取県,兵庫県,206
2019,岐阜県,滋賀県,205
2019,栃木県,茨城県,203
2019,熊本県,鹿児島県,202
2019,鹿児島県,大阪府,202
2019,埼玉県,宮城県,197
2019,静岡県,長野県,197
2019,愛知県,埼玉県,197
2019,鳥取県,京都府,197
2019,岡山県,愛媛県,196
2019,沖縄県,千葉県,195
2019,山形県,埼玉県,194
2019,和歌山県,東京都,194
2019,沖縄県,神奈川県,192
2019,静岡県,北海道,191
2019,高知県,京都府,191
2019,新潟県,宮城県,188
2019,三重県,兵庫県,188
2019,山口県,兵庫県,188
2019,岐阜県,神奈川県,186
2019,岐阜県,大阪府,186
2019,長崎県,佐賀県,186
2019,茨城県,宮城県,183
2019,広島県,島根県,183
2019,佐賀県,熊本県,183
2019,宮崎県,大分県,183
2019,青森県,埼玉県,182
2019,茨城県,北海道,181
2019,鳥取県,島根県,180
2019,秋田県,新潟県,178
2019,東京都,長野県,178
2019,石川県,福井県,178
2019,青森県,千葉県,177
2019,岩手県,千葉県,177
2019,群馬県,新潟県,177
2019,鹿児島県,宮崎県,176
2019,島根県,東京都,175
2019,徳島県,東京都,175
2019,徳島県,京都府,173
2019,滋賀県,愛知県,172
2019,徳島県,岡山県,172
2019,熊本県,京都府,172
2019,千葉県,京都府,171
2019,香川県,徳島県,171
2019,福岡県,宮崎県,171
2019,富山県,新潟県,170
2019,熊本県,大阪府,170
2019,兵庫県,北海道,169
2019,兵庫県,高知県,169
2019,愛媛県,徳島県,169
2019,神奈川県,群馬県,166
2019,福井県,兵庫県,165
2019,滋賀県,東京都,163
2019,兵庫県,山口県,160
2019,岩手県,埼玉県,159
2019,鳥取県,広島県,159
2019,岡山県,山口県,159
2019,愛媛県,香川県,159
2019,熊本県,長崎県,159
2019,大分県,山口県,159
2019,岐阜県,静岡県,158
2019,愛媛県,高知県,158
2019,福岡県,千葉県,158
2019,石川県,兵庫県,157
2019,静岡県,石川県,157
2019,秋田県,岩手県,156
2019,北海道,宮城県,155
2019,愛知県,広島県,155
2019,大阪府,岡山県,154
2019,長崎県,大分県,154
2019,鹿児島県,京都府,154
2019,秋田県,神奈川県,152
2019,静岡県,兵庫県,150
2019,大阪府,福岡県,150
2019,富山県,大阪府,148
2019,静岡県,滋賀県,148
2019,福島県,群馬県,145
2019,高知県,愛媛県,145
2019,三重県,奈良県,144
2019,鹿児島県,広島県,144
2019,宮城県,北海道,143
2019,栃木県,宮城県,143
2019,鳥取県,東京都,143
2019,栃木県,新潟県,142
2019,静岡県,茨城県,142
2019,三重県,神奈川県,142
2019,岡山県,島根県,142
2019,新潟県,京都府,141
2019,秋田県,北海道,140
2019,埼玉県,京都府,139
2019,鹿児島県,長崎県,139
2019,石川県,神奈川県,138
2019,秋田県,埼玉県,137
2019,千葉県,群馬県,137
2019,三重県,滋賀県,137
2019,島根県,兵庫県,137
2019,京都府,神奈川県,136
2019,愛媛県,神奈川県,136
2019,福岡県,岡山県,136
2019,長野県,富山県,135
2019,長野県,静岡県,135
2019,岡山県,神奈川県,135
2019,福岡県,埼玉県,135
2019,大分県,広島県,135
2019,埼玉県,山梨県,133
2019,沖縄県,愛知県,133
2019,岐阜県,富山県,132
2019,岩手県,秋田県,131
2019,東京都,愛知県,131
2019,和歌山県,奈良県,131
2019,群馬県,茨城県,130
2019,神奈川県,茨城県,130
2019,長崎県,広島県,130
2019,熊本県,佐賀県,130
2019,山形県,福島県,129
2019,東京都,兵庫県,129
2019,大阪府,徳島県,129
2019,熊本県,大分県,129
2019,大分県,京都府,129
2019,大分県,長崎県,129
2019,群馬県,宮城県,128
2019,新潟県,長野県,128
2019,茨城県,京都府,125
2019,群馬県,京都府,124
2019,千葉県,宮城県,124
2019,兵庫県,香川県,124
2019,広島県,滋賀県,124
2019,福岡県,愛知県,124
2019,岩手県,山形県,123
2019,奈良県,神奈川県,123
2019,広島県,愛知県,123
2019,新潟県,山形県,122
2019,京都府,愛知県,122
2019,岡山県,鳥取県,122
2019,長崎県,山口県,122
2019,沖縄県,埼玉県,122
2019,千葉県,静岡県,121
2019,愛知県,茨城県,121
2019,兵庫県,島根県,121
2019,山口県,神奈川県,121
2019,徳島県,愛媛県,121
2019,宮崎県,長崎県,121
2019,長野県,大阪府,120
2019,静岡県,岐阜県,120
2019,秋田県,千葉県,119
2019,愛知県,奈良県,119
2019,島根県,京都府,119
2019,岡山県,高知県,119
2019,茨城県,静岡県,118
2019,神奈川県,大阪府,118
2019,山梨県,静岡県,117
2019,三重県,静岡県,117
2019,愛媛県,山口県,117
2019,神奈川県,宮城県,116
2019,徳島県,香川県,116
2019,福岡県,滋賀県,116
2019,富山県,埼玉県,115
2019,高知県,広島県,115
2019,熊本県,広島県,115
2019,鹿児島県,愛知県,115
2019,東京都,栃木県,114
2019,長崎県,大阪府,114
2019,富山県,千葉県,113
2019,石川県,新潟県,113
2019,大阪府,埼玉県,113
2019,大分県,大阪府,113
2019,鹿児島県,山口県,113
2019,愛知県,山梨県,112
2019,奈良県,愛知県,112
2019,高知県,徳島県,112
2019,群馬県,石川県,111
2019,富山県,福井県,111
2019,京都府,岡山県,111
2019,大阪府,千葉県,111
2019,栃木県,北海道,110
2019,東京都,福岡県,110
2019,滋賀県,岐阜県,110
2019,島根県,福岡県,110
2019,栃木県,山形県,109
2019,高知県,香川県,109
2019,鹿児島県,兵庫県,109
2019,埼玉県,長野県,108
2019,新潟県,北海道,108
2019,長崎県,神奈川県,108
2019,長崎県,鹿児島県,108
2019,沖縄県,長崎県,108
2019,静岡県,群馬県,107
2019,兵庫県,石川県,107
2019,愛媛県,愛知県,107
2019,大阪府,高知県,106
2019,兵庫県,愛媛県,106
2019,島根県,山口県,106
2019,神奈川県,長野県,105
2019,岡山県,徳島県,105
2019,広島県,千葉県,105
2019,熊本県,宮崎県,105
2019,宮崎県,大阪府,105
2019,山梨県,長野県,104
2019,徳島県,高知県,104
2019,三重県,岐阜県,103
2019,大阪府,鳥取県,103
2019,徳島県,広島県,103
2019,千葉県,大阪府,102
2019,東京都,新潟県,102
2019,長野県,岐阜県,102
2019,大分県,宮崎県,102
2019,宮城県,京都府,101
2019,静岡県,広島県,101
2019,三重県,石川県,101
2019,岡山県,愛知県,101
2019,秋田県,山形県,100
2019,岐阜県,三重県,100
2019,宮城県,栃木県,99
2019,新潟県,福島県,99
2019,福井県,富山県,99
2019,香川県,神奈川県,99
2019,鹿児島県,千葉県,99
2019,沖縄県,岐阜県,99
2019,宮城県,新潟県,98
2019,福井県,滋賀県,98
2019,兵庫県,千葉県,98
2019,佐賀県,京都府,98
2019,宮城県,茨城県,97
2019,愛知県,福岡県,96
2019,沖縄県,岡山県,96
2019,北海道,静岡県,95
2019,青森県,山形県,95
2019,宮崎県,神奈川県,95
2019,鹿児島県,埼玉県,95
2019,静岡県,宮城県,94
2019,兵庫県,静岡県,94
2019,岐阜県,長野県,93
2019,北海道,岩手県,92
2019,北海道,茨城県,92
2019,山形県,北海道,92
2019,埼玉県,静岡県,92
2019,佐賀県,山口県,92
2019,長崎県,京都府,92
2019,沖縄県,京都府,92
2019,北海道,群馬県,91
2019,茨城県,新潟県,91
2019,新潟県,富山県,91
2019,福井県,神奈川県,91
2019,山梨県,京都府,91
2019,広島県,埼玉県,91
2019,北海道,福岡県,90
2019,山梨県,愛知県,90
2019,岐阜県,兵庫県,90
2019,熊本県,山口県,90
2019,大分県,神奈川県,90
2019,東京都,滋賀県,88
2019,東京都,大分県,88
2019,長野県,北海道,88
2019,京都府,北海道,88
2019,大阪府,石川県,88
2019,島根県,鳥取県,88
2019,熊本県,兵庫県,88
2019,茨城県,山梨県,87
2019,群馬県,北海道,87
2019,千葉県,愛知県,87
2019,大阪府,山口県,87
2019,宮崎県,千葉県,87
2019,北海道,石川県,86
2019,北海道,山梨県,86
2019,宮城県,群馬県,86
2019,埼玉県,大阪府,86
2019,富山県,長野県,86
2019,京都府,鳥取県,86
2019,香川県,高知県,86
2019,青森県,秋田県,85
2019,岐阜県,福井県,85
2019,兵庫県,埼玉県,85
2019,兵庫県,和歌山県,85
2019,茨城県,長野県,84
2019,埼玉県,福島県,84
2019,神奈川県,愛知県,84
2019,新潟県,茨城県,84
2019,静岡県,三重県,84
2019,和歌山県,滋賀県,84
2019,高知県,神奈川県,84
2019,茨城県,大阪府,83
2019,新潟県,大阪府,83
2019,千葉県,山梨県,82
2019,大阪府,三重県,82
2019,兵庫県,長野県,82
2019,佐賀県,神奈川県,82
2019,宮崎県,京都府,82
2019,沖縄県,広島県,82
2019,宮城県,青森県,81
2019,群馬県,福島県,81
2019,広島県,鳥取県,81
2019,広島県,高知県,81
2019,長崎県,宮崎県,81
2019,福島県,北海道,80
2019,東京都,福島県,80
2019,東京都,石川県,80
2019,石川県,千葉県,80
2019,福井県,岐阜県,80
2019,滋賀県,石川県,80
2019,鹿児島県,沖縄県,80
2019,沖縄県,兵庫県,80
2019,茨城県,山形県,79
2019,群馬県,長野県,79
2019,新潟県,秋田県,79
2019,京都府,石川県,79
2019,京都府,広島県,79
2019,岡山県,滋賀県,79
2019,香川県,福岡県,79
2019,長崎県,兵庫県,79
2019,青森県,栃木県,78
2019,神奈川県,兵庫県,77
2019,北海道,山形県,76
2019,山形県,秋田県,76
2019,茨城県,愛知県,76
2019,栃木県,静岡県,76
2019,岐阜県,千葉県,76
2019,奈良県,北海道,76
2019,和歌山県,愛知県,76
2019,大分県,兵庫県,76
2019,広島県,香川県,75
2019,沖縄県,熊本県,74
2019,北海道,新潟県,73
2019,新潟県,栃木県,73
2019,長野県,茨城県,73
2019,静岡県,奈良県,73
2019,大阪府,岐阜県,73
2019,山形県,群馬県,72
2019,栃木県,秋田県,72
2019,山梨県,大阪府,72
2019,大阪府,茨城県,72
2019,青森県,茨城県,71
2019,大阪府,静岡県,71
2019,香川県,滋賀県,71
2019,宮崎県,兵庫県,71
2019,宮城県,秋田県,70
2019,石川県,埼玉県,70
2019,福岡県,沖縄県,70
2019,宮崎県,山口県,70
2019,山形県,栃木県,69
2019,石川県,滋賀県,69
2019,長野県,宮城県,69
2019,愛知県,鳥取県,69
2019,三重県,千葉県,69
2019,香川県,愛知県,69
2019,山形県,岩手県,68
2019,栃木県,京都府,68
2019,静岡県,福島県,68
2019,滋賀県,福井県,68
2019,広島県,北海道,68
2019,大阪府,愛媛県,67
2019,福岡県,北海道,67
2019,鹿児島県,岡山県,67
2019,愛知県,宮城県,66
2019,愛媛県,大分県,66
2019,熊本県,埼玉県,66
2019,宮崎県,広島県,66
2019,岩手県,福島県,65
2019,新潟県,山梨県,65
2019,静岡県,新潟県,65
2019,大阪府,長野県,65
2019,佐賀県,大分県,65
2019,北海道,広島県,64
2019,埼玉県,新潟県,64
2019,富山県,岐阜県,64
2019,山口県,大分県,64
2019,佐賀県,大阪府,64
2019,山形県,青森県,63
2019,千葉県,栃木県,63
2019,千葉県,長野県,63
2019,愛知県,群馬県,63
2019,愛知県,岡山県,63
2019,佐賀県,広島県,63
2019,長崎県,岡山県,63
2019,岩手県,栃木県,62
2019,群馬県,山梨県,62
2019,新潟県,愛知県,62
2019,岐阜県,埼玉県,62
2019,京都府,福岡県,62
2019,大阪府,大分県,62
2019,兵庫県,長崎県,62
2019,鳥取県,福岡県,62
2019,愛媛県,埼玉県,62
2019,長崎県,千葉県,62
2019,福島県,京都府,61
2019,東京都,秋田県,61
2019,静岡県,福岡県,61
2019,三重県,広島県,61
2019,奈良県,和歌山県,61
2019,高知県,福岡県,61
2019,長崎県,愛知県,61
2019,岩手県,群馬県,60
2019,長野県,栃木県,60
2019,静岡県,栃木県,60
2019,京都府,福井県,60
2019,京都府,大分県,60
2019,大阪府,福井県,60
2019,岡山県,千葉県,60
2019,北海道,滋賀県,59
2019,栃木県,長野県,59
2019,富山県,兵庫県,59
2019,和歌山県,岡山県,59
2019,岡山県,北海道,59
2019,鹿児島県,大分県,59
2019,青森県,群馬県,58
2019,青森県,新潟県,58
2019,山形県,茨城県,58
2019,茨城県,兵庫県,58
2019,埼玉県,愛知県,58
2019,石川県,北海道,58
2019,岐阜県,北海道,58
2019,静岡県,秋田県,58
2019,岩手県,茨城県,57
2019,福島県,岩手県,57
2019,福島県,山梨県,57
2019,東京都,山形県,57
2019,長野県,兵庫県,57
2019,静岡県,山形県,57
2019,愛知県,大分県,57
2019,岡山県,埼玉県,57
2019,広島県,大分県,57
2019,愛媛県,滋賀県,57
2019,大分県,鹿児島県,57
2019,北海道,秋田県,56
2019,茨城県,秋田県,56
2019,三重県,長野県,56
2019,滋賀県,広島県,56
2019,兵庫県,茨城県,56
2019,和歌山県,神奈川県,56
2019,岡山県,奈良県,56
2019,山口県,愛知県,56
2019,長崎県,沖縄県,56
2019,青森県,福島県,55
2019,秋田県,福島県,55
2019,秋田県,栃木県,55
2019,富山県,群馬県,55
2019,石川県,長野県,55
2019,山梨県,兵庫県,55
2019,岐阜県,広島県,55
2019,愛知県,高知県,55
2019,三重県,福井県,55
2019,和歌山県,広島県,55
2019,島根県,愛媛県,55
2019,徳島県,神奈川県,55
2019,愛媛県,千葉県,55
2019,福岡県,茨城県,55
2019,沖縄県,徳島県,55
2019,沖縄県,大分県,55
2019,岩手県,山梨県,54
2019,秋田県,群馬県,54
2019,栃木県,山梨県,54
2019,富山県,北海道,54
2019,三重県,富山県,54
2019,兵庫県,福井県,54
2019,沖縄県,山口県,54
2019,富山県,山梨県,53
2019,岐阜県,山梨県,53
2019,滋賀県,奈良県,53
2019,愛知県,沖縄県,52
2019,滋賀県,神奈川県,52
2019,和歌山県,福岡県,52
2019,宮城県,大阪府,51
2019,千葉県,福島県,51
2019,神奈川県,福島県,51
2019,神奈川県,栃木県,51
2019,新潟県,静岡県,51
2019,富山県,宮城県,51
2019,和歌山県,徳島県,51
2019,熊本県,千葉県,51
2019,北海道,岡山県,50
2019,静岡県,富山県,50
2019,京都府,静岡県,50
2019,山口県,長崎県,50
2019,福岡県,奈良県,50
2019,三重県,北海道,49
2019,大阪府,島根県,49
2019,奈良県,三重県,49
2019,奈良県,広島県,49
2019,宮崎県,愛知県,49
2019,宮崎県,佐賀県,49
2019,沖縄県,宮崎県,49
2019,東京都,青森県,48
2019,京都府,埼玉県,48
2019,大阪府,宮城県,48
2019,兵庫県,新潟県,48
2019,兵庫県,岐阜県,48
2019,兵庫県,三重県,48
2019,島根県,神奈川県,48
2019,熊本県,岡山県,48
2019,東京都,富山県,47
2019,山梨県,北海道,47
2019,三重県,岡山県,47
2019,京都府,高知県,47
2019,兵庫県,大分県,47
2019,鳥取県,山口県,47
2019,徳島県,愛知県,47
2019,大分県,佐賀県,47
2019,沖縄県,北海道,47
2019,福島県,秋田県,46
2019,群馬県,静岡県,46
2019,神奈川県,滋賀県,46
2019,神奈川県,大分県,46
2019,愛知県,秋田県,46
2019,愛知県,島根県,46
2019,愛知県,宮崎県,46
2019,島根県,愛知県,46
2019,高知県,奈良県,46
2019,佐賀県,鹿児島県,46
2019,長崎県,埼玉県,46
2019,大分県,岡山県,46
2019,北海道,長野県,45
2019,静岡県,福井県,45
2019,愛知県,新潟県,45
2019,鳥取県,神奈川県,45
2019,山口県,滋賀県,45
2019,山口県,熊本県,45
2019,宮崎県,埼玉県,45
2019,群馬県,山形県,44
2019,山梨県,群馬県,44
2019,京都府,島根県,44
2019,大阪府,香川県,44
2019,宮城県,静岡県,43
2019,秋田県,茨城県,43
2019,東京都,広島県,43
2019,神奈川県,新潟県,43
2019,富山県,滋賀県,43
2019,京都府,千葉県,43
2019,京都府,長野県,43
2019,山口県,千葉県,43
2019,高知県,愛知県,43
2019,北海道,沖縄県,42
2019,宮城県,山梨県,42
2019,茨城県,石川県,42
2019,神奈川県,秋田県,42
2019,長野県,滋賀県,42
2019,愛知県,山形県,42
2019,愛媛県,北海道,42
2019,福島県,青森県,41
2019,神奈川県,石川県,41
2019,山梨県,茨城県,41
2019,京都府,富山県,41
2019,兵庫県,宮城県,41
2019,奈良県,徳島県,41
2019,広島県,奈良県,41
2019,山口県,埼玉県,41
2019,香川県,奈良県,41
2019,高知県,千葉県,41
2019,佐賀県,兵庫県,41
2019,栃木県,大阪府,40
2019,埼玉県,山形県,40
2019,埼玉県,石川県,40
2019,埼玉県,兵庫県,40
2019,石川県,宮城県,40
2019,石川県,静岡県,40
2019,静岡県,沖縄県,40
2019,京都府,徳島県,40
2019,兵庫県,富山県,40
2019,香川県,山口県,40
2019,愛媛県,奈良県,40
2019,愛媛県,島根県,40
2019,熊本県,愛知県,40
2019,大分県,千葉県,40
2019,沖縄県,鹿児島県,40
2019,北海道,奈良県,39
2019,岩手県,新潟県,39
2019,千葉県,兵庫県,39
2019,富山県,静岡県,39
2019,石川県,岐阜県,39
2019,福井県,静岡県,39
2019,長野県,奈良県,39
2019,愛知県,山口県,39
2019,三重県,埼玉県,39
2019,広島県,茨城県,39
2019,徳島県,滋賀県,39
2019,徳島県,福岡県,39
2019,北海道,栃木県,38
2019,北海道,長崎県,38
2019,栃木県,石川県,38
2019,京都府,茨城県,38
2019,奈良県,埼玉県,38
2019,高知県,埼玉県,38
2019,福島県,静岡県,37
2019,群馬県,大阪府,37
2019,富山県,茨城県,37
2019,長野県,山形県,37
2019,岐阜県,茨城県,37
2019,岐阜県,奈良県,37
2019,静岡県,岡山県,37
2019,愛知県,愛媛県,37
2019,京都府,岐阜県,37
2019,大阪府,富山県,37
2019,兵庫県,山梨県,37
2019,兵庫県,沖縄県,37
2019,和歌山県,千葉県,37
2019,広島県,静岡県,37
2019,広島県,長崎県,37
2019,香川県,千葉県,37
2019,佐賀県,宮崎県,37
2019,北海道,鹿児島県,36
2019,千葉県,新潟県,36
2019,千葉県,滋賀県,36
2019,東京都,岩手県,36
2019,新潟県,青森県,36
2019,福井県,千葉県,36
2019,京都府,山口県,36
2019,奈良県,千葉県,36
2019,和歌山県,静岡県,36
2019,和歌山県,三重県,36
2019,山口県,島根県,36
2019,高知県,滋賀県,36
2019,佐賀県,埼玉県,36
2019,熊本県,北海道,36
2019,宮崎県,茨城県,36
2019,北海道,大分県,35
2019,山形県,京都府,35
2019,群馬県,愛知県,35
2019,滋賀県,静岡県,35
2019,滋賀県,岡山県,35
2019,鳥取県,滋賀県,35
2019,広島県,沖縄県,35
2019,熊本県,沖縄県,35
2019,大分県,沖縄県,35
2019,鹿児島県,佐賀県,35
2019,埼玉県,秋田県,34
2019,東京都,愛媛県,34
2019,東京都,高知県,34
2019,神奈川県,福岡県,34
2019,新潟県,兵庫県,34
2019,石川県,群馬県,34
2019,福井県,広島県,34
2019,静岡県,高知県,34
2019,大阪府,鹿児島県,34
2019,兵庫県,宮崎県,34
2019,岡山県,静岡県,34
2019,広島県,徳島県,34
2019,香川県,埼玉県,34
2019,宮崎県,岡山県,34
2019,沖縄県,茨城県,34
2019,沖縄県,香川県,34
2019,山形県,石川県,33
2019,群馬県,富山県,33
2019,千葉県,秋田県,33
2019,東京都,岡山県,33
2019,福井県,埼玉県,33
2019,長野県,三重県,33
2019,京都府,三重県,33
2019,京都府,愛媛県,33
2019,島根県,滋賀県,33
2019,島根県,奈良県,33
2019,岡山県,大分県,33
2019,広島県,宮崎県,33
2019,愛媛県,茨城県,33
2019,愛媛県,静岡県,33
2019,宮城県,石川県,32
2019,宮城県,愛知県,32
2019,茨城県,岩手県,32
2019,栃木県,岩手県,32
2019,栃木県,兵庫県,32
2019,千葉県,山形県,32
2019,東京都,奈良県,32
2019,福井県,奈良県,32
2019,山梨県,宮城県,32
2019,静岡県,山口県,32
2019,大阪府,山梨県,32
2019,大阪府,沖縄県,32
2019,沖縄県,静岡県,32
2019,青森県,大阪府,31
2019,秋田県,石川県,31
2019,福島県,石川県,31
2019,埼玉県,福岡県,31
2019,東京都,長崎県,31
2019,神奈川県,岩手県,31
2019,新潟県,福井県,31
2019,石川県,山梨県,31
2019,三重県,山梨県,31
2019,大阪府,新潟県,31
2019,和歌山県,北海道,31
2019,宮崎県,沖縄県,31
2019,沖縄県,石川県,31
2019,栃木県,愛知県,30
2019,千葉県,石川県,30
2019,千葉県,福岡県,30
2019,東京都,沖縄県,30
2019,富山県,奈良県,30
2019,福井県,山梨県,30
2019,福井県,長野県,30
2019,山梨県,栃木県,30
2019,静岡県,島根県,30
2019,愛知県,岩手県,30
2019,三重県,高知県,30
2019,奈良県,岡山県,30
2019,和歌山県,山口県,30
2019,岡山県,石川県,30
2019,広島県,岐阜県,30
2019,徳島県,山口県,30
2019,岩手県,京都府,29
2019,茨城県,沖縄県,29
2019,群馬県,秋田県,29
2019,東京都,熊本県,29
2019,石川県,奈良県,29
2019,福井県,新潟県,29
2019,三重県,福岡県,29
2019,和歌山県,鳥取県,29
2019,和歌山県,高知県,29
2019,鳥取県,徳島県,29
2019,鳥取県,愛媛県,29
2019,鳥取県,高知県,29
2019,広島県,熊本県,29
2019,香川県,北海道,29
2019,長崎県,島根県,29
2019,宮崎県,静岡県,29
2019,宮崎県,高知県,29
2019,鹿児島県,静岡県,29
2019,北海道,富山県,28
2019,青森県,京都府,28
2019,茨城県,滋賀県,28
2019,埼玉県,富山県,28
2019,埼玉県,滋賀県,28
2019,東京都,鹿児島県,28
2019,山梨県,新潟県,28
2019,長野県,福島県,28
2019,岐阜県,鳥取県,28
2019,奈良県,福岡県,28
2019,鳥取県,奈良県,28
2019,山口県,愛媛県,28
2019,愛媛県,山梨県,28
2019,愛媛県,沖縄県,28
2019,福岡県,山梨県,28
2019,佐賀県,岡山県,28
2019,大分県,埼玉県,28
2019,大分県,愛知県,28
2019,大分県,愛媛県,28
2019,岩手県,静岡県,27
2019,福島県,大阪府,27
2019,神奈川県,広島県,27
2019,滋賀県,北海道,27
2019,滋賀県,長野県,27
2019,滋賀県,三重県,27
2019,奈良県,石川県,27
2019,鳥取県,愛知県,27
2019,島根県,香川県,27
2019,広島県,石川県,27
2019,徳島県,奈良県,27
2019,熊本県,茨城県,27
2019,熊本県,滋賀県,27
2019,青森県,山梨県,26
2019,宮城県,兵庫県,26
2019,石川県,広島県,26
2019,山梨県,石川県,26
2019,岐阜県,群馬県,26
2019,岐阜県,岡山県,26
2019,三重県,茨城県,26
2019,滋賀県,福岡県,26
2019,奈良県,宮城県,26
2019,和歌山県,石川県,26
2019,広島県,山梨県,26
2019,山口県,奈良県,26
2019,香川県,島根県,26
2019,長崎県,高知県,26
2019,茨城県,青森県,25
2019,茨城県,福岡県,25
2019,千葉県,熊本県,25
2019,神奈川県,沖縄県,25
2019,新潟県,岐阜県,25
2019,福井県,群馬県,25
2019,福井県,福岡県,25
2019,長野県,福井県,25
2019,愛知県,鹿児島県,25
2019,大阪府,宮崎県,25
2019,兵庫県,鹿児島県,25
2019,島根県,埼玉県,25
2019,福岡県,静岡県,25
2019,鹿児島県,北海道,25
2019,北海道,岐阜県,24
2019,青森県,愛知県,24
2019,福島県,長野県,24
2019,埼玉県,岩手県,24
2019,千葉県,大分県,24
2019,静岡県,鳥取県,24
2019,愛知県,福島県,24
2019,滋賀県,富山県,24
2019,兵庫県,熊本県,24
2019,奈良県,茨城県,24
2019,奈良県,鳥取県,24
2019,岡山県,長崎県,24
2019,大分県,北海道,24
2019,鹿児島県,茨城県,24
2019,沖縄県,栃木県,24
2019,沖縄県,山梨県,24
2019,沖縄県,佐賀県,24
2019,北海道,山口県,23
2019,山形県,山梨県,23
2019,山形県,静岡県,23
2019,福島県,愛知県,23
2019,東京都,山口県,23
2019,神奈川県,山形県,23
2019,新潟県,岩手県,23
2019,京都府,鹿児島県,23
2019,大阪府,秋田県,23
2019,島根県,徳島県,23
2019,岡山県,茨城県,23
2019,香川県,鳥取県,23
2019,愛媛県,鳥取県,23
2019,愛媛県,宮崎県,23
2019,高知県,山口県,23
2019,福岡県,岐阜県,23
2019,佐賀県,千葉県,23
2019,大分県,高知県,23
2019,鹿児島県,山梨県,23
2019,鹿児島県,岐阜県,23
2019,鹿児島県,滋賀県,23
2019,沖縄県,長野県,23
2019,北海道,福島県,22
2019,宮城県,長野県,22
2019,茨城県,広島県,22
2019,埼玉県,奈良県,22
2019,山梨県,福岡県,22
2019,三重県,山口県,22
2019,滋賀県,千葉県,22
2019,奈良県,高知県,22
2019,和歌山県,岐阜県,22
2019,鳥取県,静岡県,22
2019,岡山県,岐阜県,22
2019,広島県,佐賀県,22
2019,広島県,鹿児島県,22
2019,山口県,静岡県,22
2019,山口県,宮崎県,22
2019,徳島県,静岡県,22
2019,長崎県,静岡県,22
2019,秋田県,山梨県,21
2019,茨城県,奈良県,21
2019,千葉県,岩手県,21
2019,千葉県,富山県,21
2019,富山県,広島県,21
2019,長野県,秋田県,21
2019,愛知県,徳島県,21
2019,愛知県,長崎県,21
2019,京都府,香川県,21
2019,大阪府,長崎県,21
2019,奈良県,岐阜県,21
2019,奈良県,静岡県,21
2019,鳥取県,千葉県,21
2019,香川県,静岡県,21
2019,愛媛県,岐阜県,21
2019,高知県,静岡県,21
2019,福岡県,群馬県,21
2019,福岡県,高知県,21
2019,長崎県,茨城県,21
2019,長崎県,滋賀県,21
2019,鹿児島県,群馬県,21
2019,沖縄県,愛媛県,21
2019,北海道,熊本県,20
2019,山形県,愛知県,20
2019,埼玉県,広島県,20
2019,東京都,宮崎県,20
2019,神奈川県,高知県,20
2019,岐阜県,新潟県,20
2019,静岡県,岩手県,20
2019,静岡県,愛媛県,20
2019,滋賀県,高知県,20
2019,兵庫県,群馬県,20
2019,和歌山県,埼玉県,20
2019,島根県,千葉県,20
2019,島根県,高知県,20
2019,島根県,宮崎県,20
2019,山口県,鹿児島県,20
2019,徳島県,北海道,20
2019,愛媛県,鹿児島県,20
2019,青森県,静岡県,19
2019,栃木県,青森県,19
2019,埼玉県,青森県,19
2019,千葉県,沖縄県,19
2019,東京都,岐阜県,19
2019,新潟県,滋賀県,19
2019,山梨県,広島県,19
2019,岐阜県,高知県,19
2019,愛知県,栃木県,19
2019,三重県,鳥取県,19
2019,滋賀県,埼玉県,19
2019,京都府,山梨県,19
2019,鳥取県,埼玉県,19
2019,鳥取県,香川県,19
2019,島根県,大分県,19
2019,岡山県,山梨県,19
2019,岡山県,宮崎県,19
2019,岡山県,沖縄県,19
2019,広島県,長野県,19
2019,徳島県,千葉県,19
2019,愛媛県,熊本県,19
2019,長崎県,奈良県,19
2019,大分県,滋賀県,19
2019,鹿児島県,奈良県,19
2019,北海道,宮崎県,18
2019,青森県,石川県,18
2019,秋田県,大阪府,18
2019,群馬県,岩手県,18
2019,群馬県,滋賀県,18
2019,埼玉県,沖縄県,18
2019,神奈川県,山口県,18
2019,神奈川県,長崎県,18
2019,神奈川県,鹿児島県,18
2019,富山県,福岡県,18
2019,石川県,茨城県,18
2019,石川県,岡山県,18
2019,福井県,茨城県,18
2019,長野県,岩手県,18
2019,長野県,福岡県,18
2019,岐阜県,秋田県,18
2019,岐阜県,福島県,18
2019,岐阜県,山口県,18
2019,岐阜県,福岡県,18
2019,静岡県,青森県,18
2019,愛知県,和歌山県,18
2019,奈良県,山口県,18
2019,島根県,静岡県,18
2019,山口県,北海道,18
2019,高知県,北海道,18
2019,福岡県,宮城県,18
2019,福岡県,島根県,18
2019,大分県,島根県,18
2019,宮崎県,岐阜県,18
2019,鹿児島県,宮城県,18
2019,沖縄県,群馬県,18
2019,北海道,愛媛県,17
2019,秋田県,京都府,17
2019,山形県,大阪府,17
2019,福島県,兵庫県,17
2019,茨城県,高知県,17
2019,栃木県,広島県,17
2019,群馬県,兵庫県,17
2019,千葉県,奈良県,17
2019,東京都,島根県,17
2019,神奈川県,富山県,17
2019,神奈川県,愛媛県,17
2019,福井県,岡山県,17
2019,山梨県,奈良県,17
2019,岐阜県,宮城県,17
2019,岐阜県,島根県,17
2019,静岡県,大分県,17
2019,愛知県,青森県,17
2019,京都府,新潟県,17
2019,大阪府,群馬県,17
2019,大阪府,熊本県,17
2019,島根県,長崎県,17
2019,岡山県,三重県,17
2019,広島県,宮城県,17
2019,徳島県,石川県,17
2019,徳島県,山梨県,17
2019,香川県,宮城県,17
2019,長崎県,山梨県,17
2019,熊本県,群馬県,17
2019,熊本県,岐阜県,17
2019,熊本県,静岡県,17
2019,大分県,奈良県,17
2019,宮城県,滋賀県,16
2019,茨城県,岡山県,16
2019,埼玉県,愛媛県,16
2019,千葉県,三重県,16
2019,東京都,福井県,16
2019,東京都,鳥取県,16
2019,神奈川県,青森県,16
2019,新潟県,奈良県,16
2019,福井県,北海道,16
2019,長野県,青森県,16
2019,長野県,広島県,16
2019,愛知県,熊本県,16
2019,滋賀県,鳥取県,16
2019,京都府,宮崎県,16
2019,京都府,沖縄県,16
2019,兵庫県,秋田県,16
2019,和歌山県,長野県,16
2019,和歌山県,愛媛県,16
2019,広島県,群馬県,16
2019,徳島県,埼玉県,16
2019,香川県,石川県,16
2019,福岡県,長野県,16
2019,佐賀県,滋賀県,16
2019,宮崎県,奈良県,16
2019,鹿児島県,高知県,16
2019,沖縄県,宮城県,16
2019,青森県,長野県,15
2019,岩手県,愛知県,15
2019,秋田県,長野県,15
2019,栃木県,滋賀県,15
2019,埼玉県,大分県,15
2019,神奈川県,岡山県,15
2019,福井県,三重県,15
2019,長野県,高知県,15
2019,静岡県,鹿児島県,15
2019,京都府,和歌山県,15
2019,山口県,茨城県,15
2019,山口県,鳥取県,15
2019,山口県,香川県,15
2019,徳島県,島根県,15
2019,愛媛県,長崎県,15
2019,福岡県,和歌山県,15
2019,福岡県,愛媛県,15
2019,宮崎県,島根県,15
2019,山形県,長野県,14
2019,茨城県,宮崎県,14
2019,茨城県,鹿児島県,14
2019,栃木県,奈良県,14
2019,千葉県,山口県,14
2019,千葉県,愛媛県,14
2019,東京都,三重県,14
2019,神奈川県,奈良県,14
2019,神奈川県,宮崎県,14
2019,富山県,栃木県,14
2019,福井県,鳥取県,14
2019,山梨県,秋田県,14
2019,山梨県,福島県,14
2019,静岡県,長崎県,14
2019,三重県,愛媛県,14
2019,滋賀県,山口県,14
2019,大阪府,岩手県,14
2019,奈良県,長野県,14
2019,奈良県,大分県,14
2019,島根県,石川県,14
2019,島根県,岐阜県,14
2019,広島県,和歌山県,14
2019,香川県,山梨県,14
2019,愛媛県,群馬県,14
2019,愛媛県,石川県,14
2019,高知県,山梨県,14
2019,福岡県,栃木県,14
2019,福岡県,石川県,14
2019,熊本県,島根県,14
2019,大分県,鳥取県,14
2019,鹿児島県,栃木県,14
2019,沖縄県,奈良県,14
2019,岩手県,長野県,13
2019,宮城県,福岡県,13
2019,秋田県,兵庫県,13
2019,福島県,富山県,13
2019,福島県,奈良県,13
2019,栃木県,福岡県,13
2019,埼玉県,島根県,13
2019,埼玉県,長崎県,13
2019,千葉県,岐阜県,13
2019,新潟県,福岡県,13
2019,山梨県,岐阜県,13
2019,長野県,岡山県,13
2019,岐阜県,栃木県,13
2019,静岡県,和歌山県,13
2019,静岡県,熊本県,13
2019,三重県,群馬県,13
2019,京都府,宮城県,13
2019,兵庫県,青森県,13
2019,兵庫県,福島県,13
2019,奈良県,愛媛県,13
2019,鳥取県,茨城県,13
2019,島根県,北海道,13
2019,島根県,熊本県,13
2019,岡山県,宮城県,13
2019,岡山県,長野県,13
2019,岡山県,熊本県,13
2019,山口県,山梨県,13
2019,高知県,茨城県,13
2019,長崎県,北海道,13
2019,鹿児島県,愛媛県,13
2019,沖縄県,三重県,13
2019,北海道,高知県,12
2019,岩手県,石川県,12
2019,宮城県,奈良県,12
2019,茨城県,長崎県,12
2019,栃木県,富山県,12
2019,埼玉県,鹿児島県,12
2019,千葉県,広島県,12
2019,千葉県,高知県,12
2019,千葉県,長崎県,12
2019,東京都,徳島県,12
2019,富山県,福島県,12
2019,福井県,島根県,12
2019,山梨県,富山県,12
2019,愛知県,香川県,12
2019,三重県,和歌山県,12
2019,滋賀県,島根県,12
2019,大阪府,福島県,12
2019,和歌山県,香川県,12
2019,和歌山県,鹿児島県,12
2019,島根県,鹿児島県,12
2019,山口県,高知県,12
2019,愛媛県,宮城県,12
2019,高知県,大分県,12
2019,福岡県,徳島県,12
2019,佐賀県,山梨県,12
2019,佐賀県,愛知県,12
2019,熊本県,山梨県,12
2019,大分県,茨城県,12
2019,宮崎県,山梨県,12
2019,北海道,福井県,11
2019,青森県,兵庫県,11
2019,茨城県,富山県,11
2019,茨城県,三重県,11
2019,茨城県,大分県,11
2019,群馬県,青森県,11
2019,埼玉県,高知県,11
2019,千葉県,青森県,11
2019,千葉県,岡山県,11
2019,神奈川県,岐阜県,11
2019,石川県,秋田県,11
2019,石川県,三重県,11
2019,石川県,島根県,11
2019,石川県,福岡県,11
2019,山梨県,滋賀県,11
2019,山梨県,岡山県,11
2019,山梨県,熊本県,11
2019,岐阜県,宮崎県,11
2019,岐阜県,沖縄県,11
2019,静岡県,宮崎県,11
2019,三重県,宮城県,11
2019,三重県,福島県,11
2019,三重県,徳島県,11
2019,滋賀県,茨城県,11
2019,滋賀県,大分県,11
2019,大阪府,青森県,11
2019,兵庫県,佐賀県,11
2019,奈良県,富山県,11
2019,奈良県,福井県,11
2019,和歌山県,茨城県,11
2019,和歌山県,福井県,11
2019,和歌山県,山梨県,11
2019,徳島県,茨城県,11
2019,徳島県,鳥取県,11
2019,香川県,茨城県,11
2019,香川県,群馬県,11
2019,香川県,岐阜県,11
2019,香川県,長崎県,11
2019,香川県,大分県,11
2019,香川県,宮崎県,11
2019,佐賀県,高知県,11
2019,佐賀県,沖縄県,11
2019,熊本県,奈良県,11
2019,鹿児島県,石川県,11
2019,鹿児島県,徳島県,11
2019,岩手県,兵庫県,10
2019,群馬県,広島県,10
2019,埼玉県,山口県,10
2019,千葉県,宮崎県,10
2019,神奈川県,熊本県,10
2019,新潟県,三重県,10
2019,富山県,秋田県,10
2019,長野県,宮崎県,10
2019,岐阜県,長崎県,10
2019,三重県,島根県,10
2019,三重県,香川県,10
2019,滋賀県,香川県,10
2019,大阪府,山形県,10
2019,奈良県,山梨県,10
2019,和歌山県,大分県,10
2019,島根県,茨城県,10
2019,岡山県,群馬県,10
2019,岡山県,和歌山県,10
2019,山口県,佐賀県,10
2019,香川県,三重県,10
2019,香川県,和歌山県,10
2019,愛媛県,栃木県,10
2019,愛媛県,和歌山県,10
2019,福岡県,三重県,10
2019,佐賀県,茨城県,10
2019,長崎県,宮城県,10
2019,長崎県,群馬県,10
2019,長崎県,新潟県,10
2019,長崎県,鳥取県,10
2019,熊本県,栃木県,10
2019,熊本県,石川県,10
2019,熊本県,高知県,10
2019,宮崎県,群馬県,10
2019,鹿児島県,鳥取県,10
2019,沖縄県,新潟県,10
2019,沖縄県,富山県,10
2019,北海道,和歌山県,9
2019,北海道,島根県,9
2019,秋田県,富山県,9
2019,秋田県,静岡県,9
2019,秋田県,愛知県,9
2019,山形県,岐阜県,9
2019,群馬県,福井県,9
2019,群馬県,福岡県,9
2019,埼玉県,福井県,9
2019,千葉県,島根県,9
2019,東京都,和歌山県,9
2019,東京都,香川県,9
2019,神奈川県,島根県,9
2019,富山県,山形県,9
2019,石川県,栃木県,9
2019,長野県,鳥取県,9
2019,岐阜県,愛媛県,9
2019,滋賀県,宮城県,9
2019,滋賀県,和歌山県,9
2019,滋賀県,愛媛県,9
2019,京都府,長崎県,9
2019,奈良県,香川県,9
2019,奈良県,長崎県,9
2019,和歌山県,宮城県,9
2019,和歌山県,島根県,9
2019,鳥取県,石川県,9
2019,鳥取県,長野県,9
2019,鳥取県,長崎県,9
2019,島根県,栃木県,9
2019,島根県,山梨県,9
2019,広島県,三重県,9
2019,山口県,群馬県,9
2019,山口県,長野県,9
2019,徳島県,岐阜県,9
2019,徳島県,長崎県,9
2019,香川県,新潟県,9
2019,高知県,群馬県,9
2019,高知県,宮崎県,9
2019,福岡県,鳥取県,9
2019,佐賀県,奈良県,9
2019,大分県,徳島県,9
2019,大分県,香川県,9
2019,宮崎県,北海道,9
2019,宮崎県,石川県,9
2019,宮崎県,香川県,9
2019,宮崎県,愛媛県,9
2019,鹿児島県,新潟県,9
2019,鹿児島県,三重県,9
2019,沖縄県,滋賀県,9
2019,北海道,三重県,8
2019,岩手県,大阪府,8
2019,茨城県,島根県,8
2019,埼玉県,岡山県,8
2019,埼玉県,宮崎県,8
2019,神奈川県,三重県,8
2019,福井県,宮城県,8
2019,福井県,栃木県,8
2019,福井県,高知県,8
2019,福井県,大分県,8
2019,山梨県,山形県,8
2019,山梨県,島根県,8
2019,長野県,山口県,8
2019,長野県,沖縄県,8
2019,岐阜県,山形県,8
2019,岐阜県,和歌山県,8
2019,静岡県,徳島県,8
2019,静岡県,香川県,8
2019,三重県,秋田県,8
2019,三重県,山形県,8
2019,三重県,栃木県,8
2019,大阪府,佐賀県,8
2019,兵庫県,岩手県,8
2019,奈良県,沖縄県,8
2019,鳥取県,北海道,8
2019,鳥取県,福井県,8
2019,鳥取県,熊本県,8
2019,島根県,三重県,8
2019,岡山県,福井県,8
2019,広島県,新潟県,8
2019,山口県,栃木県,8
2019,徳島県,宮城県,8
2019,香川県,熊本県,8
2019,愛媛県,三重県,8
2019,高知県,岐阜県,8
2019,福岡県,福島県,8
2019,佐賀県,香川県,8
2019,長崎県,栃木県,8
2019,長崎県,石川県,8
2019,長崎県,長野県,8
2019,長崎県,岐阜県,8
2019,長崎県,徳島県,8
2019,熊本県,長野県,8
2019,宮崎県,栃木県,8
2019,宮崎県,滋賀県,8
2019,沖縄県,島根県,8
2019,北海道,徳島県,7
2019,北海道,香川県,7
2019,岩手県,富山県,7
2019,宮城県,沖縄県,7
2019,山形県,沖縄県,7
2019,福島県,滋賀県,7
2019,栃木県,島根県,7
2019,栃木県,岡山県,7
2019,栃木県,熊本県,7
2019,栃木県,沖縄県,7
2019,群馬県,島根県,7
2019,埼玉県,熊本県,7
2019,千葉県,鹿児島県,7
2019,神奈川県,鳥取県,7
2019,新潟県,岡山県,7
2019,新潟県,熊本県,7
2019,富山県,岡山県,7
2019,石川県,和歌山県,7
2019,石川県,鳥取県,7
2019,石川県,熊本県,7
2019,福井県,和歌山県,7
2019,山梨県,長崎県,7
2019,長野県,島根県,7
2019,長野県,熊本県,7
2019,岐阜県,徳島県,7
2019,岐阜県,香川県,7
2019,三重県,熊本県,7
2019,三重県,宮崎県,7
2019,滋賀県,栃木県,7
2019,京都府,栃木県,7
2019,京都府,群馬県,7
2019,大阪府,栃木県,7
2019,兵庫県,山形県,7
2019,和歌山県,宮崎県,7
2019,鳥取県,山梨県,7
2019,岡山県,栃木県,7
2019,岡山県,佐賀県,7
2019,岡山県,鹿児島県,7
2019,広島県,福島県,7
2019,山口県,徳島県,7
2019,徳島県,群馬県,7
2019,徳島県,大分県,7
2019,香川県,栃木県,7
2019,愛媛県,新潟県,7
2019,高知県,島根県,7
2019,高知県,鹿児島県,7
2019,福岡県,秋田県,7
2019,福岡県,新潟県,7
2019,福岡県,香川県,7
2019,佐賀県,北海道,7
2019,佐賀県,新潟県,7
2019,佐賀県,静岡県,7
2019,佐賀県,島根県,7
2019,佐賀県,愛媛県,7
2019,熊本県,宮城県,7
2019,熊本県,愛媛県,7
2019,大分県,石川県,7
2019,大分県,岐阜県,7
2019,大分県,静岡県,7
2019,鹿児島県,島根県,7
2019,沖縄県,福井県,7
2019,沖縄県,高知県,7
2019,岩手県,沖縄県,6
2019,宮城県,富山県,6
2019,秋田県,奈良県,6
2019,山形県,富山県,6
2019,福島県,岐阜県,6
2019,茨城県,鳥取県,6
2019,茨城県,香川県,6
2019,茨城県,熊本県,6
2019,群馬県,奈良県,6
2019,埼玉県,鳥取県,6
2019,埼玉県,徳島県,6
2019,千葉県,福井県,6
2019,新潟県,鳥取県,6
2019,新潟県,沖縄県,6
2019,富山県,岩手県,6
2019,富山県,三重県,6
2019,富山県,大分県,6
2019,石川県,沖縄県,6
2019,福井県,山口県,6
2019,山梨県,鹿児島県,6
2019,山梨県,沖縄県,6
2019,岐阜県,大分県,6
2019,三重県,大分県,6
2019,三重県,沖縄県,6
2019,滋賀県,新潟県,6
2019,奈良県,宮崎県,6
2019,奈良県,鹿児島県,6
2019,和歌山県,栃木県,6
2019,和歌山県,新潟県,6
2019,和歌山県,熊本県,6
2019,和歌山県,沖縄県,6
2019,島根県,和歌山県,6
2019,岡山県,山形県,6
2019,広島県,栃木県,6
2019,山口県,新潟県,6
2019,山口県,三重県,6
2019,徳島県,長野県,6
2019,徳島県,和歌山県,6
2019,徳島県,沖縄県,6
2019,愛媛県,長野県,6
2019,福岡県,富山県,6
2019,熊本県,秋田県,6
2019,熊本県,新潟県,6
2019,熊本県,鳥取県,6
2019,大分県,山梨県,6
2019,宮崎県,新潟県,6
2019,宮崎県,長野県,6
2019,宮崎県,三重県,6
2019,鹿児島県,和歌山県,6
2019,鹿児島県,香川県,6
2019,沖縄県,岩手県,6
2019,沖縄県,福島県,6
2019,沖縄県,和歌山県,6
2019,北海道,佐賀県,5
2019,青森県,岐阜県,5
2019,岩手県,福井県,5
2019,宮城県,鳥取県,5
2019,宮城県,高知県,5
2019,秋田県,岐阜県,5
2019,秋田県,滋賀県,5
2019,山形県,福井県,5
2019,山形県,滋賀県,5
2019,山形県,奈良県,5
2019,福島県,広島県,5
2019,福島県,沖縄県,5
2019,茨城県,愛媛県,5
2019,栃木県,岐阜県,5
2019,栃木県,愛媛県,5
2019,栃木県,高知県,5
2019,栃木県,宮崎県,5
2019,群馬県,鹿児島県,5
2019,群馬県,沖縄県,5
2019,千葉県,徳島県,5
2019,千葉県,香川県,5
2019,東京都,佐賀県,5
2019,神奈川県,徳島県,5
2019,新潟県,島根県,5
2019,新潟県,広島県,5
2019,新潟県,高知県,5
2019,新潟県,鹿児島県,5
2019,富山県,和歌山県,5
2019,富山県,山口県,5
2019,富山県,沖縄県,5
2019,石川県,福島県,5
2019,石川県,徳島県,5
2019,石川県,高知県,5
2019,石川県,長崎県,5
2019,石川県,宮崎県,5
2019,福井県,徳島県,5
2019,山梨県,青森県,5
2019,長野県,香川県,5
2019,長野県,愛媛県,5
2019,長野県,鹿児島県,5
2019,岐阜県,青森県,5
2019,岐阜県,岩手県,5
2019,三重県,長崎県,5
2019,滋賀県,群馬県,5
2019,滋賀県,山梨県,5
2019,滋賀県,徳島県,5
2019,滋賀県,宮崎県,5
2019,滋賀県,鹿児島県,5
2019,京都府,山形県,5
2019,兵庫県,栃木県,5
2019,奈良県,秋田県,5
2019,奈良県,栃木県,5
2019,奈良県,新潟県,5
2019,奈良県,島根県,5
2019,和歌山県,富山県,5
2019,鳥取県,岐阜県,5
2019,島根県,新潟県,5
2019,島根県,富山県,5
2019,島根県,福井県,5
2019,島根県,沖縄県,5
2019,岡山県,新潟県,5
2019,広島県,秋田県,5
2019,広島県,富山県,5
2019,徳島県,三重県,5
2019,香川県,長野県,5
2019,香川県,鹿児島県,5
2019,香川県,沖縄県,5
2019,愛媛県,福島県,5
2019,愛媛県,福井県,5
2019,福岡県,岩手県,5
2019,福岡県,山形県,5
2019,佐賀県,石川県,5
2019,佐賀県,長野県,5
2019,佐賀県,岐阜県,5
2019,佐賀県,鳥取県,5
2019,長崎県,香川県,5
2019,長崎県,愛媛県,5
2019,熊本県,三重県,5
2019,大分県,栃木県,5
2019,宮崎県,山形県,5
2019,鹿児島県,秋田県,5
2019,鹿児島県,福島県,5
2019,沖縄県,山形県,5
2019,北海道,鳥取県,4
2019,青森県,滋賀県,4
2019,青森県,福岡県,4
2019,宮城県,広島県,4
2019,秋田県,広島県,4
2019,山形県,兵庫県,4
2019,茨城県,岐阜県,4
2019,栃木県,福井県,4
2019,栃木県,大分県,4
2019,栃木県,鹿児島県,4
2019,群馬県,熊本県,4
2019,埼玉県,岐阜県,4
2019,埼玉県,三重県,4
2019,千葉県,鳥取県,4
2019,神奈川県,和歌山県,4
2019,新潟県,長崎県,4
2019,富山県,熊本県,4
2019,石川県,青森県,4
2019,石川県,愛媛県,4
2019,石川県,鹿児島県,4
2019,福井県,福島県,4
2019,山梨県,三重県,4
2019,山梨県,山口県,4
2019,山梨県,大分県,4
2019,長野県,長崎県,4
2019,岐阜県,熊本県,4
2019,静岡県,佐賀県,4
2019,三重県,新潟県,4
2019,三重県,鹿児島県,4
2019,滋賀県,青森県,4
2019,京都府,秋田県,4
2019,京都府,福島県,4
2019,和歌山県,秋田県,4
2019,和歌山県,長崎県,4
2019,鳥取県,三重県,4
2019,鳥取県,和歌山県,4
2019,鳥取県,宮崎県,4
2019,鳥取県,沖縄県,4
2019,島根県,秋田県,4
2019,島根県,群馬県,4
2019,島根県,長野県,4
2019,岡山県,岩手県,4
2019,岡山県,秋田県,4
2019,岡山県,福島県,4
2019,広島県,青森県,4
2019,広島県,岩手県,4
2019,山口県,宮城県,4
2019,山口県,秋田県,4
2019,山口県,岐阜県,4
2019,山口県,沖縄県,4
2019,徳島県,宮崎県,4
2019,香川県,山形県,4
2019,香川県,福井県,4
2019,高知県,新潟県,4
2019,高知県,和歌山県,4
2019,佐賀県,栃木県,4
2019,長崎県,岩手県,4
2019,長崎県,秋田県,4
2019,大分県,和歌山県,4
2019,鹿児島県,長野県,4
2019,沖縄県,青森県,4
2019,青森県,富山県,3
2019,青森県,広島県,3
2019,青森県,熊本県,3
2019,岩手県,岐阜県,3
2019,岩手県,滋賀県,3
2019,岩手県,奈良県,3
2019,岩手県,福岡県,3
2019,宮城県,岐阜県,3
2019,宮城県,三重県,3
2019,宮城県,岡山県,3
2019,宮城県,山口県,3
2019,宮城県,大分県,3
2019,宮城県,鹿児島県,3
2019,秋田県,福井県,3
2019,秋田県,岡山県,3
2019,山形県,岡山県,3
2019,山形県,福岡県,3
2019,茨城県,福井県,3
2019,茨城県,山口県,3
2019,茨城県,佐賀県,3
2019,栃木県,鳥取県,3
2019,群馬県,岐阜県,3
2019,群馬県,山口県,3
2019,群馬県,大分県,3
2019,神奈川県,福井県,3
2019,新潟県,山口県,3
2019,富山県,島根県,3
2019,富山県,香川県,3
2019,石川県,岩手県,3
2019,石川県,山形県,3
2019,石川県,山口県,3
2019,福井県,香川県,3
2019,福井県,沖縄県,3
2019,山梨県,福井県,3
2019,山梨県,和歌山県,3
2019,山梨県,徳島県,3
2019,山梨県,香川県,3
2019,山梨県,高知県,3
2019,岐阜県,鹿児島県,3
2019,滋賀県,沖縄県,3
2019,京都府,青森県,3
2019,京都府,佐賀県,3
2019,京都府,熊本県,3
2019,奈良県,青森県,3
2019,奈良県,山形県,3
2019,鳥取県,宮城県,3
2019,鳥取県,山形県,3
2019,鳥取県,栃木県,3
2019,鳥取県,新潟県,3
2019,鳥取県,富山県,3
2019,鳥取県,大分県,3
2019,鳥取県,鹿児島県,3
2019,島根県,佐賀県,3
2019,岡山県,青森県,3
2019,広島県,福井県,3
2019,山口県,富山県,3
2019,山口県,石川県,3
2019,山口県,和歌山県,3
2019,徳島県,栃木県,3
2019,徳島県,新潟県,3
2019,徳島県,熊本県,3
2019,徳島県,鹿児島県,3
2019,香川県,秋田県,3
2019,愛媛県,青森県,3
2019,愛媛県,岩手県,3
2019,愛媛県,佐賀県,3
2019,高知県,宮城県,3
2019,高知県,栃木県,3
2019,高知県,富山県,3
2019,高知県,鳥取県,3
2019,福岡県,青森県,3
2019,福岡県,福井県,3
2019,佐賀県,岩手県,3
2019,佐賀県,秋田県,3
2019,佐賀県,群馬県,3
2019,佐賀県,徳島県,3
2019,長崎県,福島県,3
2019,長崎県,三重県,3
2019,熊本県,福島県,3
2019,熊本県,香川県,3
2019,大分県,福島県,3
2019,大分県,群馬県,3
2019,大分県,新潟県,3
2019,宮崎県,福島県,3
2019,宮崎県,富山県,3
2019,宮崎県,福井県,3
2019,宮崎県,鳥取県,3
2019,沖縄県,秋田県,3
2019,沖縄県,鳥取県,3
2019,青森県,三重県,2
2019,青森県,奈良県,2
2019,青森県,長崎県,2
2019,岩手県,鳥取県,2
2019,岩手県,広島県,2
2019,岩手県,愛媛県,2
2019,岩手県,高知県,2
2019,宮城県,福井県,2
2019,宮城県,和歌山県,2
2019,宮城県,長崎県,2
2019,秋田県,沖縄県,2
2019,山形県,三重県,2
2019,山形県,広島県,2
2019,山形県,鹿児島県,2
2019,福島県,三重県,2
2019,福島県,鳥取県,2
2019,福島県,岡山県,2
2019,福島県,山口県,2
2019,福島県,高知県,2
2019,福島県,福岡県,2
2019,福島県,長崎県,2
2019,福島県,大分県,2
2019,福島県,宮崎県,2
2019,茨城県,徳島県,2
2019,栃木県,徳島県,2
2019,栃木県,香川県,2
2019,群馬県,鳥取県,2
2019,群馬県,岡山県,2
2019,群馬県,愛媛県,2
2019,群馬県,高知県,2
2019,群馬県,長崎県,2
2019,埼玉県,和歌山県,2
2019,千葉県,和歌山県,2
2019,神奈川県,香川県,2
2019,神奈川県,佐賀県,2
2019,新潟県,和歌山県,2
2019,新潟県,徳島県,2
2019,新潟県,大分県,2
2019,富山県,鳥取県,2
2019,富山県,愛媛県,2
2019,富山県,高知県,2
2019,富山県,宮崎県,2
2019,石川県,大分県,2
2019,福井県,岩手県,2
2019,福井県,秋田県,2
2019,福井県,熊本県,2
2019,福井県,宮崎県,2
2019,山梨県,岩手県,2
2019,山梨県,愛媛県,2
2019,長野県,和歌山県,2
2019,長野県,徳島県,2
2019,長野県,佐賀県,2
2019,長野県,大分県,2
2019,三重県,青森県,2
2019,三重県,岩手県,2
2019,滋賀県,山形県,2
2019,滋賀県,長崎県,2
2019,京都府,岩手県,2
2019,奈良県,岩手県,2
2019,奈良県,佐賀県,2
2019,奈良県,熊本県,2
2019,和歌山県,山形県,2
2019,島根県,福島県,2
2019,岡山県,富山県,2
2019,徳島県,青森県,2
2019,徳島県,山形県,2
2019,徳島県,富山県,2
2019,香川県,青森県,2
2019,香川県,福島県,2
2019,香川県,富山県,2
2019,愛媛県,秋田県,2
2019,高知県,青森県,2
2019,高知県,石川県,2
2019,高知県,長野県,2
2019,高知県,三重県,2
2019,高知県,長崎県,2
2019,高知県,熊本県,2
2019,高知県,沖縄県,2
2019,佐賀県,青森県,2
2019,佐賀県,富山県,2
2019,佐賀県,三重県,2
2019,佐賀県,和歌山県,2
2019,長崎県,富山県,2
2019,熊本県,和歌山県,2
2019,熊本県,徳島県,2
2019,大分県,宮城県,2
2019,大分県,山形県,2
2019,大分県,長野県,2
2019,宮崎県,青森県,2
2019,宮崎県,秋田県,2
2019,宮崎県,和歌山県,2
2019,宮崎県,徳島県,2
2019,鹿児島県,青森県,2
2019,鹿児島県,岩手県,2
2019,鹿児島県,富山県,2
2019,鹿児島県,福井県,2
2019,青森県,和歌山県,1
2019,青森県,鳥取県,1
2019,青森県,香川県,1
2019,青森県,大分県,1
2019,青森県,沖縄県,1
2019,岩手県,和歌山県,1
2019,岩手県,島根県,1
2019,岩手県,山口県,1
2019,岩手県,徳島県,1
2019,岩手県,長崎県,1
2019,岩手県,熊本県,1
2019,岩手県,大分県,1
2019,岩手県,宮崎県,1
2019,岩手県,鹿児島県,1
2019,宮城県,島根県,1
2019,宮城県,徳島県,1
2019,宮城県,愛媛県,1
2019,宮城県,佐賀県,1
2019,宮城県,宮崎県,1
2019,秋田県,三重県,1
2019,秋田県,香川県,1
2019,秋田県,愛媛県,1
2019,秋田県,高知県,1
2019,秋田県,福岡県,1
2019,秋田県,熊本県,1
2019,秋田県,大分県,1
2019,山形県,山口県,1
2019,山形県,大分県,1
2019,山形県,宮崎県,1
2019,福島県,徳島県,1
2019,福島県,熊本県,1
2019,福島県,鹿児島県,1
2019,栃木県,三重県,1
2019,栃木県,和歌山県,1
2019,栃木県,山口県,1
2019,栃木県,佐賀県,1
2019,群馬県,三重県,1
2019,群馬県,和歌山県,1
2019,群馬県,徳島県,1
2019,群馬県,香川県,1
2019,群馬県,宮崎県,1
2019,埼玉県,香川県,1
2019,埼玉県,佐賀県,1
2019,新潟県,香川県,1
2019,新潟県,愛媛県,1
2019,新潟県,宮崎県,1
2019,富山県,青森県,1
2019,富山県,徳島県,1
2019,富山県,長崎県,1
2019,富山県,鹿児島県,1
2019,石川県,香川県,1
2019,福井県,青森県,1
2019,福井県,山形県,1
2019,山梨県,佐賀県,1
2019,山梨県,宮崎県,1
2019,三重県,佐賀県,1
2019,滋賀県,福島県,1
2019,滋賀県,熊本県,1
2019,奈良県,福島県,1
2019,奈良県,群馬県,1
2019,和歌山県,岩手県,1
2019,和歌山県,群馬県,1
2019,和歌山県,佐賀県,1
2019,鳥取県,青森県,1
2019,鳥取県,秋田県,1
2019,鳥取県,福島県,1
2019,鳥取県,群馬県,1
2019,島根県,青森県,1
2019,島根県,岩手県,1
2019,島根県,宮城県,1
2019,島根県,山形県,1
2019,広島県,山形県,1
2019,山口県,福島県,1
2019,山口県,福井県,1
2019,徳島県,岩手県,1
2019,徳島県,秋田県,1
2019,徳島県,福島県,1
2019,香川県,岩手県,1
2019,香川県,佐賀県,1
2019,愛媛県,山形県,1
2019,愛媛県,富山県,1
2019,高知県,福井県,1
2019,佐賀県,宮城県,1
2019,佐賀県,福井県,1
2019,長崎県,青森県,1
2019,長崎県,山形県,1
2019,熊本県,青森県,1
2019,熊本県,岩手県,1
2019,熊本県,富山県,1
2019,大分県,青森県,1
2019,大分県,秋田県,1
2019,大分県,富山県,1
2019,大分県,福井県,1
2019,大分県,三重県,1
2019,宮崎県,岩手県,1
2019,宮崎県,宮城県,1
2019,鹿児島県,山形県,1
